keys,de,en,es
HUB_TITLE,Sternwarten-Spiele,Observatory Games,Juegos del observatorio
HUB_SUBTITLE,OST · Universität Potsdam · Campus Golm,OST · University of Potsdam · Golm campus,OST · Universidad de Potsdam · Campus Golm
HUB_HINT,Tippe auf ein Spiel!,Tap a game to play!,¡Toca un juego!
HUB_SOON,In Arbeit,Coming soon,Próximamente
HUB_INFO,Info,Info,Info
CLOSE,Schließen,Close,Cerrar
BACK,Zurück,Back,Volver
BACK_TO_HUB,Zur Übersicht,Back to menu,Volver al menú
HOME_CONFIRM,Spiel beenden und zur Übersicht?,Quit the game and go back to the menu?,¿Salir del juego y volver al menú?
HOME_STAY,Weiterspielen,Keep playing,Seguir jugando
HOME_LEAVE,Zur Übersicht,To the menu,Al menú
IDLE_QUESTION,Bist du noch da?,Are you still there?,¿Sigues ahí?
IDLE_HINT,"Tippe irgendwo, um weiterzuspielen.",Tap anywhere to keep playing.,Toca en cualquier lugar para seguir jugando.
ATTRACT_TITLE,Entdecke das Weltall!,Explore the universe!,¡Explora el universo!
ATTRACT_TOUCH,Berühre den Bildschirm zum Starten,Touch the screen to start,Toca la pantalla para empezar
ATTRACT_BEST_TODAY,Die Besten heute: %s,Today's best: %s,Los mejores de hoy: %s
PLACEHOLDER_MSG,Dieses Spiel entsteht gerade – schau bald wieder vorbei!,This game is being built – come back soon!,Este juego está en construcción. ¡Vuelve pronto!
INFO_TITLE,Über diese Spiele,About these games,Sobre estos juegos
INFO_BODY,"Die OST-Sternwarte („Overwhelmingly Small Telescope“) ist die Studierenden-Sternwarte der Universität Potsdam auf dem Dach des Instituts für Physik und Astronomie in Golm. Mit einem 50-cm-Teleskop beobachten Studierende dort Sterne, Galaxien, Kometen und Asteroiden. Diese Spiele zeigen dir, wie echte Astronomie funktioniert.","The OST observatory (“Overwhelmingly Small Telescope”) is the student observatory of the University of Potsdam, on the roof of the Institute of Physics and Astronomy in Golm. With a 50 cm telescope, students observe stars, galaxies, comets and asteroids. These games show you how real astronomy works.","El observatorio OST («Overwhelmingly Small Telescope») es el observatorio estudiantil de la Universidad de Potsdam, en el tejado del Instituto de Física y Astronomía en Golm. Con un telescopio de 50 cm, los estudiantes observan estrellas, galaxias, cometas y asteroides. Estos juegos te muestran cómo funciona la astronomía de verdad."
INFO_CREDITS,Bildnachweise & Lizenzen,Credits & licences,Créditos y licencias
NAME_TITLE,Wie sollen wir dich nennen?,What should we call you?,¿Cómo te llamamos?
NAME_REROLL,Neuer Name,New name,Otro nombre
NAME_OWN,Eigener Name,Own name,Nombre propio
NAME_OK,Los geht's!,Let's go!,¡Vamos!
NAME_REJECTED,Dieser Name geht leider nicht. Probier einen anderen!,"Sorry, that name doesn't work. Try another one!","Lo siento, ese nombre no vale. ¡Prueba otro!"
NAME_TOO_SHORT,Mindestens 2 Zeichen bitte.,At least 2 characters please.,"Al menos 2 caracteres, por favor."
DIFF_TITLE,Wie schwer soll es sein?,How hard should it be?,¿Qué dificultad quieres?
DIFF_EXPLORER,Entdecker,Explorer,Explorador
DIFF_EXPLORER_DESC,Für Kinder und Einsteiger,For kids and beginners,Para niños y principiantes
DIFF_RESEARCHER,Forscher,Researcher,Investigador
DIFF_RESEARCHER_DESC,Die normale Mission,The standard mission,La misión normal
DIFF_PRO,Profi,Pro,Experto
DIFF_PRO_DESC,Für alle mit Vorwissen,For those who know a bit,Para quien ya sabe algo
GAME_ASTEROID,Asteroiden-Jagd,Asteroid Hunt,Caza de asteroides
GAME_ASTEROID_DESC,Entdecke einen Asteroiden mit dem OST-Teleskop,Discover an asteroid with the OST telescope,Descubre un asteroide con el telescopio OST
GAME_QUIZ,Astro-Quiz,Astro Quiz,Astro cuestionario
GAME_QUIZ_DESC,Teste dein Wissen über das Weltall,Test your knowledge of the universe,Pon a prueba tus conocimientos del universo
GAME_PUZZLE,Astro-Puzzle,Astro Puzzle,Astro rompecabezas
GAME_PUZZLE_DESC,Setze echte Himmelsfotos zusammen,Piece together real sky images,Monta imágenes reales del cielo
GAME_GALAXY,Galaxien-Baumeister,Galaxy Builder,Constructor de galaxias
GAME_GALAXY_DESC,Lass Galaxien zusammenstoßen,Make galaxies collide,Haz chocar galaxias
GAME_SOLAR,Sonnensystem,Solar System,Sistema solar
GAME_SOLAR_DESC,Fliege mit einer Sonde zum Mars,Fly a probe to Mars,Vuela con una sonda a Marte
GAME_CONSTELLATIONS,Sternbilder,Constellations,Constelaciones
GAME_CONSTELLATIONS_DESC,Zeichne die Sternbilder nach,Trace the constellations,Dibuja las constelaciones
GAME_NBODY,N-Körper-Labor,N-Body Lab,Laboratorio de N cuerpos
GAME_NBODY_DESC,Spiele mit der Schwerkraft,Play with gravity,Juega con la gravedad
AST_INTRO_TITLE,Der Blinkkomparator,The blink comparator,El comparador de parpadeo
AST_INTRO_TEXT,Das OST-Teleskop hat dieselbe Himmelsgegend dreimal fotografiert – im Abstand von 20 Minuten. Die Sterne bleiben an ihrem Platz. Ein Asteroid aber wandert weiter. Finde ihn!,"The OST telescope photographed the same patch of sky three times, 20 minutes apart. The stars stay where they are. But an asteroid moves on. Find it!","El telescopio OST fotografió la misma zona del cielo tres veces, con 20 minutos de diferencia. Las estrellas se quedan en su sitio. Pero un asteroide se mueve. ¡Encuéntralo!"
AST_INTRO_HOLD,Tipp: Halte den Finger auf das Bild – dann erscheint eine Lupe.,Tip: keep your finger on the image to get a magnifier.,Consejo: mantén el dedo sobre la imagen para ver una lupa.
AST_GO,Los geht's!,Let's go!,¡Vamos!
AST_TASK,"Die Bilder wechseln ständig. Finde den Punkt, der hin und her springt – und tippe darauf!",The images keep switching. Find the dot that jumps back and forth – and tap it!,Las imágenes cambian sin parar. Busca el punto que salta de un lado a otro y tócalo.
AST_FRAME_TIMES,Bild 1: 0 min · Bild 2: %d min · Bild 3: %d min,Image 1: 0 min · Image 2: %d min · Image 3: %d min,Imagen 1: 0 min · Imagen 2: %d min · Imagen 3: %d min
AST_FIELD_INFO,Echte Sterne aus dem Gaia-Katalog · Nacht: %s · %s · Bildfeld %s,Real stars from the Gaia catalogue · Night: %s · %s · Field %s,Estrellas reales del catálogo Gaia · Noche: %s · %s · Campo %s
AST_HINT_1,Tipp: Er versteckt sich irgendwo im großen Kreis.,Hint: it is hiding somewhere in the big circle.,Pista: se esconde en algún lugar del círculo grande.
AST_HINT_2,Schau genau in den kleinen Kreis!,Look closely inside the small circle!,¡Mira bien dentro del círculo pequeño!
AST_WRONG_STAR,Das ist ein Stern. Er bleibt in allen drei Bildern an derselben Stelle.,That is a star. It stays in the same place in all three images.,Es una estrella. Se queda en el mismo sitio en las tres imágenes.
AST_WRONG_COSMIC,Ein kosmischer Strahl! Ein Teilchen aus dem All hat die Kamera getroffen. Er ist nur in einem einzigen Bild zu sehen.,A cosmic ray! A particle from space hit the camera. It shows up in one image only.,¡Un rayo cósmico! Una partícula del espacio chocó con la cámara. Solo aparece en una imagen.
AST_WRONG_HOT,Ein „heißes Pixel“ – ein winziger Fehler der Kamera. Es leuchtet immer an derselben Stelle.,A “hot pixel” – a tiny camera defect. It always glows in the same spot.,"Un «píxel caliente», un pequeño defecto de la cámara. Siempre brilla en el mismo lugar."
AST_WRONG_VARIABLE,Ein veränderlicher Stern! Er wird heller und dunkler – aber er bleibt an seinem Platz.,A variable star! It gets brighter and fainter – but it stays in place.,"¡Una estrella variable! Se hace más brillante y más débil, pero no se mueve."
AST_WRONG_SATELLITE,Die Spur eines Satelliten. Er flitzt in Sekunden durchs Bild – ein Asteroid ist viel langsamer.,A satellite trail. It zips across the image in seconds – an asteroid is much slower.,El rastro de un satélite. Cruza la imagen en segundos; un asteroide es mucho más lento.
AST_WRONG_NOTHING,"Hier bewegt sich nichts. Achte auf einen Punkt, der springt!",Nothing moves here. Look for a dot that jumps!,Aquí no se mueve nada. ¡Busca un punto que salte!
AST_FOUND,Gefunden!,Found it!,¡Encontrado!
AST_FOUND_TEXT,Das war %s! In 40 Minuten ist er %.0f Bogensekunden weitergewandert.,That was %s! In 40 minutes it moved %.0f arcseconds.,¡Era %s! En 40 minutos se desplazó %.0f segundos de arco.
AST_CLASS_MBA,Er kreist im Asteroiden-Hauptgürtel zwischen Mars und Jupiter um die Sonne.,It orbits the Sun in the main asteroid belt between Mars and Jupiter.,"Orbita alrededor del Sol en el cinturón principal de asteroides, entre Marte y Júpiter."
AST_CLASS_MCA,Seine Bahn kreuzt die Bahn des Mars.,Its orbit crosses the orbit of Mars.,Su órbita cruza la órbita de Marte.
AST_CLASS_NEO,Er ist ein erdnaher Asteroid: Seine Bahn kommt der Erdbahn nahe. Deshalb wird er besonders genau beobachtet.,It is a near-Earth asteroid: its orbit comes close to Earth's. That is why astronomers watch it closely.,Es un asteroide cercano a la Tierra: su órbita se acerca a la terrestre. Por eso se observa con especial atención.
AST_CLASS_TJN,Er ist ein Jupiter-Trojaner und teilt sich die Bahn mit dem Riesenplaneten Jupiter.,It is a Jupiter Trojan and shares its orbit with the giant planet Jupiter.,Es un troyano de Júpiter y comparte su órbita con el planeta gigante.
AST_FACT_DIST,Entfernung in dieser Nacht: %s Millionen km – das Licht braucht %s Minuten bis zu uns.,Distance that night: %s million km – its light takes %s minutes to reach us.,Distancia esa noche: %s millones de km; su luz tarda %s minutos en llegar.
AST_FACT_SIZE,Durchmesser: etwa %s km,Diameter: about %s km,Diámetro: unos %s km
AST_FACT_DISC,Entdeckt %s von %s (%s).,Discovered in %s by %s (%s).,Descubierto en %s por %s (%s).
AST_FACT_NIGHT,Beobachtungsnacht: %s · Helligkeit: %s mag,Observing night: %s · Brightness: %s mag,Noche de observación: %s · Brillo: %s mag
AST_SCORE,%d Punkte,%d points,%d puntos
AST_RANK,%s – Platz %d heute,%s – rank %d today,%s: puesto %d hoy
AST_AGAIN,Noch ein Asteroid!,Another asteroid!,¡Otro asteroide!
AST_REVEALED,"Hier ist er! Ganz schön knifflig, oder? Beim nächsten Mal findest du ihn bestimmt selbst.","Here it is! Pretty tricky, right? Next time you'll surely find it yourself.","¡Aquí está! Bastante difícil, ¿verdad? La próxima vez seguro que lo encuentras tú."
AST_REVEALED_TITLE,Aufgelöst,Solved for you,Resuelto
AST_CROWDING,Sternfeld: %d sichtbare Sterne – Punkte ×%s,Star field: %d visible stars – points ×%s,Campo estelar: %d estrellas visibles – puntos ×%s
STEP_PLAN,Nacht planen,Plan the night,Planear la noche
STEP_ALIGN,Ausrichten,Align,Apuntar
STEP_EXPOSE,Belichten,Expose,Exponer
STEP_BLINK,Blinken,Blink,Parpadeo
STEP_MEASURE,Vermessen,Measure,Medir
STEP_ORBIT,Bahn,Orbit,Órbita
MISSION_TITLE,Deine Mission,Your mission,Tu misión
MISSION_TEXT,"Heute Nacht arbeitest du am OST-Teleskop in Golm. Irgendwo zwischen den Sternen zieht ein Asteroid seine Bahn. Plane die Nacht, richte das Teleskop aus, finde ihn auf deinen Aufnahmen – und bestimme seine Bahn um die Sonne!","Tonight you are working at the OST telescope in Golm. Somewhere among the stars an asteroid is moving along its orbit. Plan the night, aim the telescope, find it in your images – and work out its orbit around the Sun!","Esta noche trabajas con el telescopio OST en Golm. En algún lugar entre las estrellas un asteroide recorre su órbita. Planifica la noche, apunta el telescopio, encuéntralo en tus imágenes… ¡y calcula su órbita alrededor del Sol!"
PLAN_TITLE,Plane deine Beobachtungsnacht,Plan your observing night,Planifica tu noche de observación
PLAN_TASK,Ziehe den Zeitregler. Wann steht der Asteroid hoch am dunklen Himmel – und wann stört der Mond am wenigsten?,Drag the time slider. When is the asteroid high in a dark sky – and when does the Moon disturb least?,Desliza el control de tiempo. ¿Cuándo está el asteroide alto en un cielo oscuro y cuándo molesta menos la Luna?
PLAN_QUALITY,Beobachtungsqualität,Observing quality,Calidad de observación
PLAN_INFO,"Uhrzeit: %s Uhr
Höhe des Asteroiden: %d°
Sonnenhöhe: %d°
Mond: %s","Time: %s
Asteroid altitude: %d°
Sun altitude: %d°
Moon: %s","Hora: %s
Altura del asteroide: %d°
Altura del Sol: %d°
Luna: %s"
PLAN_MOON_UP,über dem Horizont,above the horizon,sobre el horizonte
PLAN_MOON_DOWN,untergegangen,below the horizon,bajo el horizonte
PLAN_HINT_TWILIGHT,"Noch zu hell – warte, bis es richtig dunkel ist.",Still too bright – wait until it is really dark.,Aún hay demasiada luz: espera a que esté bien oscuro.
PLAN_HINT_LOW,Der Asteroid steht hier zu tief.,The asteroid is too low here.,Aquí el asteroide está demasiado bajo.
PLAN_HINT_HIGHER,"Gut! Noch besser, wenn er höher steht – dann blicken wir durch weniger Luft.",Good! Even better when it is higher – then we look through less air.,¡Bien! Mejor aún si está más alto: así miramos a través de menos aire.
PLAN_HINT_MOON,"Der Mond hellt den Himmel auf. Findest du eine Zeit, in der er tiefer steht?",The Moon brightens the sky. Can you find a time when it is lower?,La Luna ilumina el cielo. ¿Encuentras un momento en que esté más baja?
PLAN_HINT_GOOD,Hervorragende Bedingungen!,Excellent conditions!,¡Condiciones excelentes!
PLAN_OK,Diese Zeit nehmen,Take this time,Elegir esta hora
PLAN_LEGEND_TARGET,—— Höhe des Asteroiden,—— Altitude of the asteroid,—— Altura del asteroide
PLAN_LEGEND_MOON,- - Mond (%d %% beleuchtet),- - Moon (%d %% illuminated),- - Luna (%d %% iluminada)
ALIGN_TITLE,Richte das Teleskop aus,Aim the telescope,Apunta el telescopio
ALIGN_TASK,"Verschiebe den Himmel mit dem Finger, bis der orange Kreis – dort sollte der Asteroid laut Bahnvorhersage stehen – im blauen Bildfeld der Kamera liegt.",Drag the sky with your finger until the orange circle – where the orbit says the asteroid should be – sits inside the blue camera field.,Arrastra el cielo con el dedo hasta que el círculo naranja (donde debería estar el asteroide según su órbita) quede dentro del campo azul de la cámara.
ALIGN_LEGEND,Weiße Punkte: echte Sterne aus dem Gaia-Katalog. Blaues Rechteck: Bildfeld der Kamera (35′ × 24′).,White dots: real stars from the Gaia catalogue. Blue rectangle: the camera's field (35′ × 24′).,Puntos blancos: estrellas reales del catálogo Gaia. Rectángulo azul: campo de la cámara (35′ × 24′).
ALIGN_NORTH,N,N,N
ALIGN_EAST,O,E,E
ALIGN_COLD,Kalt – das Ziel ist noch weit weg.,Cold – the target is still far away.,Frío: el objetivo aún está lejos.
ALIGN_WARM,Wärmer!,Warmer!,¡Caliente!
ALIGN_HOT,Heiß! Fast geschafft.,Hot! Almost there.,¡Muy caliente! Casi lo tienes.
ALIGN_INSIDE,Ganz nah – noch ein kleines Stück!,Very close – just a little more!,"¡Muy cerca, un poquito más!"
ALIGN_RELEASE,"Perfekt! Lass los, um das Teleskop dort zu parken.",Perfect! Let go to park the telescope there.,¡Perfecto! Suelta para fijar el telescopio ahí.
ALIGN_DONE,Ausgerichtet! Die Kuppel dreht sich mit.,Aligned! The dome turns along.,¡Apuntado! La cúpula gira con él.
EXPOSE_TITLE,Wähle die Belichtungszeit,Choose the exposure time,Elige el tiempo de exposición
EXPOSE_TASK,"Je länger die Kamera Licht sammelt, desto mehr schwache Objekte werden sichtbar. Aber Zeit am Teleskop ist kostbar.","The longer the camera collects light, the more faint objects appear. But telescope time is precious.","Cuanto más tiempo recoge luz la cámara, más objetos débiles aparecen. Pero el tiempo de telescopio es valioso."
EXPOSE_SHORT,Kurz,Short,Corta
EXPOSE_SHORT_DESC,"Schnell, aber der Asteroid ist schwächer. Schwieriger – dafür ×1,2 Punkte.","Quick, but the asteroid is fainter. Harder – so ×1.2 points.","Rápida, pero el asteroide se ve más débil. Más difícil: ×1,2 puntos."
EXPOSE_NORMAL,Normal,Normal,Normal
EXPOSE_NORMAL_DESC,Die ausgewogene Wahl.,The balanced choice.,La opción equilibrada.
EXPOSE_LONG,Lang,Long,Larga
EXPOSE_LONG_DESC,"Tiefes Bild, der Asteroid ist leichter zu finden. Kostet Zeit: ×0,85 Punkte.","Deep image, the asteroid is easier to find. Costs time: ×0.85 points.","Imagen profunda, el asteroide es más fácil de encontrar. Cuesta tiempo: ×0,85 puntos."
EXPOSE_FRAME,Bild %d · nach %d min,Image %d · after %d min,Imagen %d · tras %d min
MEASURE_TITLE,Vermiss den Asteroiden,Measure the asteroid,Mide el asteroide
MEASURE_TASK,Tippe in jedem Bild möglichst genau auf die Mitte des Asteroiden.,"In each image, tap the centre of the asteroid as precisely as you can.","En cada imagen, toca el centro del asteroide con la mayor precisión posible."
MEASURE_WHY,"Aus genauen Positionen zu verschiedenen Zeiten berechnen Astronominnen und Astronomen die Bahn eines Asteroiden. Je genauer du misst, desto besser ist seine Bahn bekannt.","Astronomers compute an asteroid's orbit from precise positions at different times. The more precisely you measure, the better its orbit is known.","Los astrónomos calculan la órbita de un asteroide a partir de posiciones precisas en distintos momentos. Cuanto más precisa sea tu medida, mejor se conoce su órbita."
MEASURE_COUNTER,Bild %d von %d,Image %d of %d,Imagen %d de %d
MEASURE_MISS,Daneben – der Asteroid ist der Punkt nahe der Mitte.,Missed – the asteroid is the dot near the centre.,Fallaste: el asteroide es el punto cerca del centro.
MEASURE_RESULT,Abweichung: %s Bogensekunden,Offset: %s arcseconds,Desviación: %s segundos de arco
ORBIT_TITLE,Die Bahn deines Asteroiden,Your asteroid's orbit,La órbita de tu asteroide
ORBIT_TASK,Aus deinen Messungen ergibt sich seine Bahn um die Sonne.,Your measurements reveal its path around the Sun.,Tus mediciones revelan su trayectoria alrededor del Sol.
ORBIT_FACT_A,Mittlerer Abstand zur Sonne: %s AE (Erde: 1 AE),Mean distance from the Sun: %s AU (Earth: 1 AU),Distancia media al Sol: %s UA (Tierra: 1 UA)
ORBIT_FACT_P,Ein Umlauf um die Sonne dauert %s Jahre.,One trip around the Sun takes %s years.,Una vuelta alrededor del Sol dura %s años.
ORBIT_FACT_E,Bahnform (Exzentrizität): %s – 0 wäre ein perfekter Kreis.,Orbit shape (eccentricity): %s – 0 would be a perfect circle.,Forma de la órbita (excentricidad): %s; 0 sería un círculo perfecto.
ORBIT_FACT_MOID,Engster möglicher Abstand zur Erdbahn: %s Millionen km,Closest possible distance to Earth's orbit: %s million km,Distancia mínima posible a la órbita terrestre: %s millones de km
ORBIT_FACT_CLOSE,Er kann der Erde also recht nahe kommen – deshalb wird er besonders genau verfolgt.,So it can come quite close to Earth – that is why it is tracked carefully.,Así que puede acercarse bastante a la Tierra; por eso se sigue con especial cuidado.
ORBIT_FACT_ACCURACY,Deine Messgenauigkeit: %s″ – die blassen Nachbarbahnen zeigen die Unsicherheit.,Your measurement accuracy: %s″ – the faint neighbouring orbits show the uncertainty.,Tu precisión de medida: %s″; las órbitas tenues muestran la incertidumbre.
ORBIT_NEXT,Zur Urkunde,To the certificate,Al diploma
PLANET_MERCURY,Merkur,Mercury,Mercurio
PLANET_VENUS,Venus,Venus,Venus
PLANET_EARTH,Erde,Earth,Tierra
PLANET_MARS,Mars,Mars,Marte
PLANET_JUPITER,Jupiter,Jupiter,Júpiter
CERT_TITLE,Urkunde,Certificate,Diploma
CERT_SUBTITLE,OST-Sternwarte · Universität Potsdam,OST Observatory · University of Potsdam,Observatorio OST · Universidad de Potsdam
CERT_TEXT,%s hat in der Nacht vom %s mit dem OST-Teleskop in Golm den Asteroiden %s gefunden und vermessen.,%s – on the night of %s – found and measured the asteroid %s with the OST telescope in Golm.,"%s, en la noche del %s, encontró y midió el asteroide %s con el telescopio OST en Golm."
CERT_INSTRUMENT,Planewave CDK20 · QHY600 · Belichtung %s · Aufnahme um %s Uhr,Planewave CDK20 · QHY600 · exposure %s · taken at %s,Planewave CDK20 · QHY600 · exposición %s · tomada a las %s
CERT_AGAIN,Neue Mission,New mission,Nueva misión
QUIZ_JOKER_FIFTY,50:50,50:50,50:50
QUIZ_JOKER_TIME,+15 s,+15 s,+15 s
QUIZ_RIGHT,Richtig! +%d Punkte,Correct! +%d points,¡Correcto! +%d puntos
QUIZ_WRONG,Leider falsch.,"Sorry, that's wrong.","Lo siento, no es correcto."
QUIZ_TIMEOUT,Die Zeit ist um!,Time's up!,¡Se acabó el tiempo!
QUIZ_NEXT,Weiter,Next,Siguiente
QUIZ_RESULT,Ergebnis,Result,Resultado
QUIZ_CORRECT_OF,%d von %d richtig,%d of %d correct,%d de %d correctas
QUIZ_BEST_STREAK,Längste Serie: %d,Longest streak: %d,Racha más larga: %d
QUIZ_AGAIN,Neue Runde,New round,Nueva ronda
QUIZ_STREAK,· Serie ×%d,· streak ×%d,· racha ×%d
PUZZLE_PICK,Welches Himmelsfoto möchtest du puzzeln?,Which sky photo do you want to puzzle?,¿Qué foto del cielo quieres montar?
PUZZLE_PLACED,%d / %d Teile,%d / %d pieces,%d / %d piezas
PUZZLE_DONE,Geschafft!,Done!,¡Conseguido!
PUZZLE_CREDIT,"Aufnahme: OST-Sternwarte, Universität Potsdam","Image: OST observatory, University of Potsdam","Imagen: observatorio OST, Universidad de Potsdam"
PUZZLE_RESULT,%d Teile in %d:%02d min,%d pieces in %d:%02d min,%d piezas en %d:%02d min
PUZZLE_AGAIN,Neues Bild,New picture,Nueva imagen
